"","State","Date","Time","Cumulative.case.count","Cumulative.deaths","Tests.conducted..negative.","Tests.conducted..total.","Hospitalisations..count.","Intensive.care..count.","Ventilator.usage..count.","Recovered..cumulative.","Update.Source","Notes","X","X.1","X.2","X.3","X.4","X.5","X.6","X.7","X.8","X.9","X.10","X.11"
"2","VIC","25/01/2020","",1,NA,NA,NA,NA,NA,"",NA,"Victoria DHHS","",NA,NA,NA,NA,NA,NA,NA,NA,NA,NA,NA,NA
"8","VIC","29/01/2020","",2,NA,NA,NA,NA,NA,"",NA,"Victoria DHHS","",NA,NA,NA,NA,NA,NA,NA,NA,NA,NA,NA,NA
"10","VIC","30/01/2020","",3,NA,NA,79,NA,NA,"",NA,"Victoria DHHS","",NA,NA,NA,NA,NA,NA,NA,NA,NA,NA,NA,NA
"16","VIC","01/02/2020","",4,NA,NA,162,NA,NA,"",NA,"Victoria DHHS","",NA,NA,NA,NA,NA,NA,NA,NA,NA,NA,NA,NA
"56","VIC","01/03/2020","",9,NA,NA,NA,NA,NA,"",NA,"Victoria DHHS","",NA,NA,NA,NA,NA,NA,NA,NA,NA,NA,NA,NA
"64","VIC","04/03/2020","",10,NA,NA,NA,NA,NA,"",NA,"Victoria DHHS","",NA,NA,NA,NA,NA,NA,NA,NA,NA,NA,NA,NA
"77","VIC","07/03/2020","",11,NA,NA,NA,NA,NA,"",NA,"Victoria DHHS","",NA,NA,NA,NA,NA,NA,NA,NA,NA,NA,NA,NA
"82","VIC","08/03/2020","",12,NA,NA,NA,NA,NA,"",NA,"Victoria DHHS","",NA,NA,NA,NA,NA,NA,NA,NA,NA,NA,NA,NA
"88","VIC","09/03/2020","",15,NA,NA,NA,NA,NA,"",NA,"Victoria DHHS","",NA,NA,NA,NA,NA,NA,NA,NA,NA,NA,NA,NA
"92","VIC","10/03/2020","",18,NA,NA,NA,NA,NA,"",NA,"Victoria DHHS","",NA,NA,NA,NA,NA,NA,NA,NA,NA,NA,NA,NA
"99","VIC","11/03/2020","",21,NA,NA,NA,NA,NA,"",NA,"Victoria DHHS","",NA,NA,NA,NA,NA,NA,NA,NA,NA,NA,NA,NA
"105","VIC","12/03/2020","",27,NA,NA,NA,NA,NA,"",NA,"Victoria DHHS","",NA,NA,NA,NA,NA,NA,NA,NA,NA,NA,NA,NA
"112","VIC","13/03/2020","",36,NA,NA,NA,NA,NA,"",NA,"Victoria DHHS","",NA,NA,NA,NA,NA,NA,NA,NA,NA,NA,NA,NA
"118","VIC","14/03/2020","17:02",49,NA,NA,NA,NA,NA,"",NA,"Victoria DHHS","",NA,NA,NA,NA,NA,NA,NA,NA,NA,NA,NA,NA
"124","VIC","15/03/2020","11:01",57,NA,NA,NA,NA,NA,"",NA,"Victoria DHHS","",NA,NA,NA,NA,NA,NA,NA,NA,NA,NA,NA,NA
"132","VIC","16/03/2020","14:33",71,NA,NA,11700,NA,NA,"",NA,"Victoria DHHS email","",NA,NA,NA,NA,NA,NA,NA,NA,NA,NA,NA,NA
"138","VIC","17/03/2020","14:25",94,NA,NA,NA,NA,NA,"",NA,"Victoria DHHS","",NA,NA,NA,NA,NA,NA,NA,NA,NA,NA,NA,NA
"148","VIC","18/03/2020","13:45",121,NA,NA,15200,NA,NA,"",NA,"Victoria DHHS","Actual testing figures quote is approximate - More than 15200 tested to date",NA,NA,NA,NA,NA,NA,NA,NA,NA,NA,NA,NA
"155","VIC","19/03/2020","14:46",150,NA,NA,17180,NA,NA,"",NA,"Victoria DHHS","",NA,NA,NA,NA,NA,NA,NA,NA,NA,NA,NA,NA
"163","VIC","20/03/2020","17:32",178,NA,NA,19337,NA,NA,"",NA,"Victoria DHHS email","",NA,NA,NA,NA,NA,NA,NA,NA,NA,NA,NA,NA
"174","VIC","21/03/2020","14.25",229,NA,NA,20500,NA,NA,"",NA,"Victoria DHHS","",NA,NA,NA,NA,NA,NA,NA,NA,NA,NA,NA,NA
"181","VIC","22/03/2020","13:10",296,NA,NA,22900,NA,NA,"",NA,"Media release ","",NA,NA,NA,NA,NA,NA,NA,NA,NA,NA,NA,NA
"188","VIC","23/03/2020","14:15",355,NA,NA,23700,6,NA,"",96,"media release","",NA,NA,NA,NA,NA,NA,NA,NA,NA,NA,NA,NA
"196","VIC","24/03/2020","13:06",411,NA,NA,NA,NA,NA,"",NA,"media release","",NA,NA,NA,NA,NA,NA,NA,NA,NA,NA,NA,NA
"207","VIC","25/03/2020","17:12",466,NA,NA,NA,NA,NA,"",NA,"national summary","",NA,NA,NA,NA,NA,NA,NA,NA,NA,NA,NA,NA
"217","VIC","26/03/2020","14:05",520,2,NA,26900,NA,NA,"",149,"media release","",NA,NA,NA,NA,NA,NA,NA,NA,NA,NA,NA,NA
"225","VIC","27/03/2020","15:04",574,3,NA,27800,NA,NA,"",NA,"media release","",NA,NA,NA,NA,NA,NA,NA,NA,NA,NA,NA,NA
"233","VIC","28/03/2020","23:00",685,4,NA,NA,NA,NA,"",NA,"media release","",NA,NA,NA,NA,NA,NA,NA,NA,NA,NA,NA,NA
"241","VIC","29/03/2020","13:07",769,NA,NA,39000,26,4,"",NA,"media release","",NA,NA,NA,NA,NA,NA,NA,NA,NA,NA,NA,NA
"247","VIC","30/03/2020","08:40",821,NA,NA,NA,NA,NA,"",NA,"media release","",NA,NA,NA,NA,NA,NA,NA,NA,NA,NA,NA,NA
"248","VIC","30/03/2020","13:53",821,4,NA,42000,29,4,"",248,"media release","",NA,NA,NA,NA,NA,NA,NA,NA,NA,NA,NA,NA
"257","VIC","31/03/2020","14:00",917,NA,NA,45000,29,4,"",291,"media release","",NA,NA,NA,NA,NA,NA,NA,NA,NA,NA,NA,NA
"265","VIC","01/04/2020","11:39",968,5,NA,47000,32,6,"",343,"media release","",NA,NA,NA,NA,NA,NA,NA,NA,NA,NA,NA,NA
"275","VIC","02/04/2020","23:00",1036,6,NA,49000,NA,NA,"",NA,"media release","",NA,NA,NA,NA,NA,NA,NA,NA,NA,NA,NA,NA
"283","VIC","03/04/2020","08:40",1085,7,NA,51000,37,7,"",NA,"media release","",NA,NA,NA,NA,NA,NA,NA,NA,NA,NA,NA,NA
"291","VIC","04/04/2020","20:45",1115,8,NA,NA,NA,NA,"",NA,"media release","",NA,NA,NA,NA,NA,NA,NA,NA,NA,NA,NA,NA
"298","VIC","05/04/2020","10:50",1135,NA,NA,56000,47,NA,"11",573,"media release","",NA,NA,NA,NA,NA,NA,NA,NA,NA,NA,NA,NA
"308","VIC","06/04/2020","12:15",1158,10,NA,57000,45,11,"",620,"media release","",NA,NA,NA,NA,NA,NA,NA,NA,NA,NA,NA,NA
"315","VIC","07/04/2020","08:40",1191,11,NA,58000,47,13,"",686,"media release","",NA,NA,NA,NA,NA,NA,NA,NA,NA,NA,NA,NA
"323","VIC","08/04/2020","09:00",1212,12,NA,60000,45,12,"0",736,"media release/PM&C","",NA,NA,NA,NA,NA,NA,NA,NA,NA,NA,NA,NA
"331","VIC","09/04/2020","11:10",1228,NA,NA,62000,50,13,"",806,"media release","",NA,NA,NA,NA,NA,NA,NA,NA,NA,NA,NA,NA
"338","VIC","10/04/2020","12:20",1241,13,NA,NA,NA,13,"",926,"media release","",NA,NA,NA,NA,NA,NA,NA,NA,NA,NA,NA,NA
"346","VIC","11/04/2020","10:00",1265,14,NA,NA,44,15,"0",986,"press release","",NA,NA,NA,NA,NA,NA,NA,NA,NA,NA,NA,NA
"354","VIC","12/04/2020","11:41",1268,14,NA,69000,44,16,"",1015,"press release","",NA,NA,NA,NA,NA,NA,NA,NA,NA,NA,NA,NA
"357","VIC","13/04/2020","11:00",1281,NA,NA,70000,40,14,"",1075,"press release","",NA,NA,NA,NA,NA,NA,NA,NA,NA,NA,NA,NA
"365","VIC","14/04/2020","08:30",1291,14,NA,71000,40,15,"12",1118,"press conference/pm&o","",NA,NA,NA,NA,NA,NA,NA,NA,NA,NA,NA,NA
"374","VIC","15/04/2020","13:08",1299,14,NA,72000,39,18,"12",1137,"media release","",NA,NA,NA,NA,NA,NA,NA,NA,NA,NA,NA,NA
"385","VIC","16/04/2020","18:00",1301,NA,NA,NA,NA,NA,"",NA,"National summary","",NA,NA,NA,NA,NA,NA,NA,NA,NA,NA,NA,NA
"388","VIC","17/04/2020","10:30",1302,14,NA,75000,32,13,"9",1159,"media release/pm&o","",NA,NA,NA,NA,NA,NA,NA,NA,NA,NA,NA,NA
"397","VIC","18/04/2020","10:05",1319,14,NA,NA,30,12,"8",1172,"press conference/pm&o","",NA,NA,NA,NA,NA,NA,NA,NA,NA,NA,NA,NA
"404","VIC","19/04/2020","08:30",NA,15,NA,NA,NA,NA,"",NA,"media interview ","",NA,NA,NA,NA,NA,NA,NA,NA,NA,NA,NA,NA
"407","VIC","19/04/2020","06:00",1319,NA,NA,NA,NA,NA,"",NA,"national summary","",NA,NA,NA,NA,NA,NA,NA,NA,NA,NA,NA,NA
"410","VIC","19/04/2020","13:10",1328,15,NA,82000,29,10,"",1188,"media release","",NA,NA,NA,NA,NA,NA,NA,NA,NA,NA,NA,NA
"416","VIC","20/04/2020","12:50",1329,15,NA,86000,28,11,"",1196,"Premier/press conference/media release","",NA,NA,NA,NA,NA,NA,NA,NA,NA,NA,NA,NA
"424","VIC","21/04/2020","09:00",1336,NA,NA,88000,28,12,"",1202,"media release","",NA,NA,NA,NA,NA,NA,NA,NA,NA,NA,NA,NA
"432","VIC","22/04/2020","",1336,15,NA,90000,29,NA,"",1243,"media release","",NA,NA,NA,NA,NA,NA,NA,NA,NA,NA,NA,NA
"439","VIC","23/04/2020","10:59",1337,16,NA,93000,27,10,"",1251,"media release","",NA,NA,NA,NA,NA,NA,NA,NA,NA,NA,NA,NA
"447","VIC","24/04/2020","09:45",1343,NA,NA,96000,21,7,"",1254,"media release","",NA,NA,NA,NA,NA,NA,NA,NA,NA,NA,NA,NA
"458","VIC","25/04/2020","13:00",1346,NA,NA,98000,24,11,"7",1262,"media release/pm&o","",NA,NA,NA,NA,NA,NA,NA,NA,NA,NA,NA,NA
"465","VIC","26/04/2020","11:25",1349,17,NA,101000,21,10,"",1265,"media release","",NA,NA,NA,NA,NA,NA,NA,NA,NA,NA,NA,NA
"471","VIC","27/04/2020","12:27",1349,17,NA,104000,23,11,"6",1280,"media release","",NA,NA,NA,NA,NA,NA,NA,NA,NA,NA,NA,NA
"480","VIC","28/04/2020","12:39",1351,17,NA,NA,23,11,"",1279,"media release","",NA,NA,NA,NA,NA,NA,NA,NA,NA,NA,NA,NA
"487","VIC","29/04/2020","10:00",1354,18,NA,111000,18,9,"",1287,"press conference/media release","",NA,NA,NA,NA,NA,NA,NA,NA,NA,NA,NA,NA
"496","VIC","30/04/2020","10:10",1361,NA,NA,115100,18,9,"",1291,"media release","",NA,NA,NA,NA,NA,NA,NA,NA,NA,NA,NA,NA
"502","VIC","01/05/2020","12:00",1364,NA,NA,123500,16,7,"",1293,"media release","",NA,NA,NA,NA,NA,NA,NA,NA,NA,NA,NA,NA
"509","VIC","02/05/2020","11:00",1371,NA,NA,129000,12,7,"",1300,"media release","",NA,NA,NA,NA,NA,NA,NA,NA,NA,NA,NA,NA
"512","VIC","03/05/2020","10:49",1384,18,NA,138000,12,7,"",1300,"press conference/media release","",NA,NA,NA,NA,NA,NA,NA,NA,NA,NA,NA,NA
"521","VIC","04/05/2020","15:09",1406,18,NA,146500,11,6,"",1310,"media release","",NA,NA,NA,NA,NA,NA,NA,NA,NA,NA,NA,NA
"528","VIC","05/05/2020","11:40",1423,NA,NA,152000,12,6,"",1311,"media release","",NA,NA,NA,NA,NA,NA,NA,NA,NA,NA,NA,NA
"536","VIC","06/05/2020","09:00",1440,NA,NA,162000,8,6,"",1321,"media release","",NA,NA,NA,NA,NA,NA,NA,NA,NA,NA,NA,NA
"546","VIC","07/05/2020","10:00",1454,18,NA,176500,8,6,"",NA,"press conference","",NA,NA,NA,NA,NA,NA,NA,NA,NA,NA,NA,NA
"554","VIC","08/05/2020","11:00",1467,NA,NA,NA,NA,NA,"",NA,"press conference","",NA,NA,NA,NA,NA,NA,NA,NA,NA,NA,NA,NA
"558","VIC","08/05/2020","14:53",1467,18,NA,193265,NA,NA,"",NA,"media release","",NA,NA,NA,NA,NA,NA,NA,NA,NA,NA,NA,NA
"563","VIC","09/05/2020","13:00",1477,NA,NA,NA,8,6,"",1327,"press conference","",NA,NA,NA,NA,NA,NA,NA,NA,NA,NA,NA,NA
"568","VIC","10/05/2020","12:30",1487,NA,NA,NA,NA,NA,"",NA,"media release","",NA,NA,NA,NA,NA,NA,NA,NA,NA,NA,NA,NA
"575","VIC","11/05/2020","16:13",1494,18,NA,245000,7,5,"",1360,"media release","",NA,NA,NA,NA,NA,NA,NA,NA,NA,NA,NA,NA
"582","VIC","12/05/2020","16:50",1509,NA,NA,258000,8,4,"",1376,"media release","",NA,NA,NA,NA,NA,NA,NA,NA,NA,NA,NA,NA
"586","VIC","13/05/2020","13:20",1514,NA,NA,273000,9,6,"",1385,"media release","",NA,NA,NA,NA,NA,NA,NA,NA,NA,NA,NA,NA
"594","VIC","14/05/2020","15:30",1523,NA,NA,289000,9,6,"",1385,"press release","",NA,NA,NA,NA,NA,NA,NA,NA,NA,NA,NA,NA
"599","VIC","15/05/2020","",1543,18,NA,NA,9,7,"",1407,"press release","",NA,NA,NA,NA,NA,NA,NA,NA,NA,NA,NA,NA
"605","VIC","16/05/2020","10:00",1554,NA,NA,324000,11,7,"",1417,"press release","",NA,NA,NA,NA,NA,NA,NA,NA,NA,NA,NA,NA
"614","VIC","17/05/2020","17:10",1567,NA,NA,NA,NA,NA,"",NA,"media release","",NA,NA,NA,NA,NA,NA,NA,NA,NA,NA,NA,NA
"620","VIC","18/05/2020","15:37",1567,18,NA,345000,9,5,"",1439,"media release","",NA,NA,NA,NA,NA,NA,NA,NA,NA,NA,NA,NA
"625","VIC","19/05/2020","12:50",1573,NA,NA,358000,11,5,"",1454,"media release","",NA,NA,NA,NA,NA,NA,NA,NA,NA,NA,NA,NA
"635","VIC","20/05/2020","13:45",1580,NA,NA,367000,10,5,"",1465,"media release","",NA,NA,NA,NA,NA,NA,NA,NA,NA,NA,NA,NA
"642","VIC","21/05/2020","12:15",1581,NA,NA,378000,10,5,"",1473,"media release","",NA,NA,NA,NA,NA,NA,NA,NA,NA,NA,NA,NA
"648","VIC","22/05/2020","11:40",1593,18,NA,393000,10,5,"",1479,"media release","",NA,NA,NA,NA,NA,NA,NA,NA,NA,NA,NA,NA
"654","VIC","23/05/2020","12:47",1602,19,NA,398500,9,3,"",1484,"media release","",NA,NA,NA,NA,NA,NA,NA,NA,NA,NA,NA,NA
"657","VIC","24/05/2020","10:30",1603,NA,NA,420000,9,NA,"",NA,"media release","",NA,NA,NA,NA,NA,NA,NA,NA,NA,NA,NA,NA
"666","VIC","25/05/2020","10:00",1605,NA,NA,430000,8,3,"",1520,"media release","",NA,NA,NA,NA,NA,NA,NA,NA,NA,NA,NA,NA
"672","VIC","26/05/2020","11:15",1610,NA,NA,437000,8,3,"",1533,"media release","",NA,NA,NA,NA,NA,NA,NA,NA,NA,NA,NA,NA
"680","VIC","27/05/2020","13:00",1618,NA,NA,471000,8,4,"",1539,"media release","",NA,NA,NA,NA,NA,NA,NA,NA,NA,NA,NA,NA
"687","VIC","28/05/2020","11:43",1628,NA,NA,480000,8,3,"",1544,"media release","",NA,NA,NA,NA,NA,NA,NA,NA,NA,NA,NA,NA
"694","VIC","29/05/2020","14:50",1634,NA,NA,493000,7,2,"",1549,"media release","",NA,NA,NA,NA,NA,NA,NA,NA,NA,NA,NA,NA
"698","VIC","30/05/2020","10:42",1645,NA,NA,501000,7,2,"",1553,"media release","",NA,NA,NA,NA,NA,NA,NA,NA,NA,NA,NA,NA
"703","VIC","31/05/2020","11:25",1649,NA,NA,509000,6,2,"",1557,"media release","",NA,NA,NA,NA,NA,NA,NA,NA,NA,NA,NA,NA
"711","VIC","01/06/2020","10:50",1653,NA,NA,515000,6,1,"",1560,"media release","",NA,NA,NA,NA,NA,NA,NA,NA,NA,NA,NA,NA
"716","VIC","02/06/2020","11:30",1663,NA,NA,521000,9,2,"",NA,"media release","",NA,NA,NA,NA,NA,NA,NA,NA,NA,NA,NA,NA
"725","VIC","04/06/2020","15:10",1678,NA,NA,536000,7,2,"",1584,"media release","",NA,NA,NA,NA,NA,NA,NA,NA,NA,NA,NA,NA
"732","VIC","05/06/2020","10:27",1681,NA,NA,542000,7,1,"",1586,"media release","",NA,NA,NA,NA,NA,NA,NA,NA,NA,NA,NA,NA
"738","VIC","06/06/2020","14:00",1681,NA,NA,530000,8,0,"",1589,"media release","",NA,NA,NA,NA,NA,NA,NA,NA,NA,NA,NA,NA
"741","VIC","07/06/2020","11:30",1685,NA,NA,530000,6,2,"",1593,"media release","",NA,NA,NA,NA,NA,NA,NA,NA,NA,NA,NA,NA
"747","VIC","08/06/2020","10:30",1687,NA,NA,543000,7,2,"",1595,"media release","",NA,NA,NA,NA,NA,NA,NA,NA,NA,NA,NA,NA
"754","VIC","09/06/2020","10:00",1687,NA,NA,548000,7,1,"",1602,"media release","",NA,NA,NA,NA,NA,NA,NA,NA,NA,NA,NA,NA
"757","VIC","10/06/2020","12:21",1691,NA,NA,557000,9,2,"",1616,"media release","",NA,NA,NA,NA,NA,NA,NA,NA,NA,NA,NA,NA
"762","VIC","11/06/2020","11:00",1699,NA,NA,564000,6,1,"1",1621,"media release","",NA,NA,NA,NA,NA,NA,NA,NA,NA,NA,NA,NA
"766","VIC","12/06/2020","15:04",1703,NA,NA,572000,NA,NA,"",1632,"media release","",NA,NA,NA,NA,NA,NA,NA,NA,NA,NA,NA,NA
"769","VIC","13/06/2020","16:41",1711,NA,NA,582000,5,1,"",1641,"media release","",NA,NA,NA,NA,NA,NA,NA,NA,NA,NA,NA,NA
"772","VIC","14/06/2020","12:50",1720,NA,NA,590000,6,2,"",1657,"media release","",NA,NA,NA,NA,NA,NA,NA,NA,NA,NA,NA,NA
"775","VIC","15/06/2020","12:40",1732,NA,NA,594000,7,3,"",1661,"media release","",NA,NA,NA,NA,NA,NA,NA,NA,NA,NA,NA,NA
"778","VIC","16/06/2020","11:30",1741,NA,NA,599000,6,2,"1",1664,"media release","",NA,NA,NA,NA,NA,NA,NA,NA,NA,NA,NA,NA
"787","VIC","17/06/2020","14:45",1762,NA,NA,609000,5,2,"2",1671,"media release","",NA,NA,NA,NA,NA,NA,NA,NA,NA,NA,NA,NA
"794","VIC","18/06/2020","14:15",1780,NA,NA,621000,4,2,"2",1678,"media release","",NA,NA,NA,NA,NA,NA,NA,NA,NA,NA,NA,NA
"798","VIC","19/06/2020","14:47",1792,NA,NA,635000,NA,NA,"",1680,"media release","",NA,NA,NA,NA,NA,NA,NA,NA,NA,NA,NA,NA
"801","VIC","20/06/2020","12:00",1817,NA,NA,645000,6,3,"2",1686,"media release","",NA,NA,NA,NA,NA,NA,NA,NA,NA,NA,NA,NA
"805","VIC","21/06/2020","15:25",1836,NA,NA,660000,7,2,"2",1694,"media release","",NA,NA,NA,NA,NA,NA,NA,NA,NA,NA,NA,NA
"811","VIC","22/06/2020","12:00",1847,NA,NA,667000,9,2,"2",1701,"media release","",NA,NA,NA,NA,NA,NA,NA,NA,NA,NA,NA,NA
"816","VIC","23/06/2020","14:16",1864,NA,NA,675000,9,3,"0",1712,"media release","",NA,NA,NA,NA,NA,NA,NA,NA,NA,NA,NA,NA
"821","VIC","24/06/2020","09:30",1884,20,NA,696000,7,2,"0",1721,"media release","",NA,NA,NA,NA,NA,NA,NA,NA,NA,NA,NA,NA
"827","VIC","25/06/2020","16:15",1917,NA,NA,716000,7,2,"0",1732,"media release","",NA,NA,NA,NA,NA,NA,NA,NA,NA,NA,NA,NA
"829","VIC","26/06/2020","12:50",1947,NA,NA,736000,6,1,"0",1742,"media release","",NA,NA,NA,NA,NA,NA,NA,NA,NA,NA,NA,NA
"834","VIC","27/06/2020","15:20",1987,NA,NA,758000,5,1,"0",1761,"media release","",NA,NA,NA,NA,NA,NA,NA,NA,NA,NA,NA,NA
"837","VIC","28/06/2020","14:15",2028,NA,NA,776000,7,1,"0",1775,"media release","",NA,NA,NA,NA,NA,NA,NA,NA,NA,NA,NA,NA
"841","VIC","29/06/2020","16:30",2099,NA,NA,792000,9,1,"0",1789,"media release","",NA,NA,NA,NA,NA,NA,NA,NA,NA,NA,NA,NA
"843","VIC","30/06/2020","14:00",2159,NA,NA,809000,9,1,"0",1816,"media release","",NA,NA,NA,NA,NA,NA,NA,NA,NA,NA,NA,NA
"846","VIC","01/07/2020","15:00",2231,NA,NA,830000,15,2,"0",1839,"media release","",NA,NA,NA,NA,NA,NA,NA,NA,NA,NA,NA,NA
"852","VIC","02/07/2020","14:25",2303,NA,NA,856320,20,4,"0",1866,"press conference","",NA,NA,NA,NA,NA,NA,NA,NA,NA,NA,NA,NA
"854","VIC","03/07/2020","11:00",2368,NA,NA,880320,23,6,"0",1904,"press conference","",NA,NA,NA,NA,NA,NA,NA,NA,NA,NA,NA,NA
"861","VIC","04/07/2020","17:30",2469,NA,NA,906500,25,3,"0",1938,"media release","",NA,NA,NA,NA,NA,NA,NA,NA,NA,NA,NA,NA
"864","VIC","05/07/2020","15:28",2536,21,NA,928100,26,3,"0",1971,"media release","",NA,NA,NA,NA,NA,NA,NA,NA,NA,NA,NA,NA
"866","VIC","06/07/2020","15:30",2660,22,NA,952000,31,5,"0",1992,"media release","",NA,NA,NA,NA,NA,NA,NA,NA,NA,NA,NA,NA
"870","VIC","07/07/2020","13:00",2824,NA,NA,979000,35,9,"0",2028,"media release","",NA,NA,NA,NA,NA,NA,NA,NA,NA,NA,NA,NA
"873","VIC","08/07/2020","14:00",2942,NA,NA,1008000,41,7,"0",2058,"media release","",NA,NA,NA,NA,NA,NA,NA,NA,NA,NA,NA,NA
"879","VIC","09/07/2020","14:15",3098,NA,NA,1030000,40,9,"0",2142,"media release","",NA,NA,NA,NA,NA,NA,NA,NA,NA,NA,NA,NA
"884","VIC","10/07/2020","17:00",3379,NA,NA,1068000,47,12,"0",2183,"media release","",NA,NA,NA,NA,NA,NA,NA,NA,NA,NA,NA,NA
"886","VIC","11/07/2020","13:40",3560,23,NA,1095000,49,15,"0",2286,"media release","",NA,NA,NA,NA,NA,NA,NA,NA,NA,NA,NA,NA
"890","VIC","12/07/2020","11:08",3799,24,NA,NA,NA,NA,"",NA,"press conference","",NA,NA,NA,NA,NA,NA,NA,NA,NA,NA,NA,NA
"898","VIC","13/07/2020","15:13",3967,NA,NA,1148300,72,17,"0",2392,"media release","",NA,NA,NA,NA,NA,NA,NA,NA,NA,NA,NA,NA
"900","VIC","14/07/2020","",4224,26,NA,1170352,85,26,"0",2395,"press conference","",NA,NA,NA,NA,NA,NA,NA,NA,NA,NA,NA,NA
"904","VIC","15/07/2020","11:15",4448,27,NA,1197300,105,27,"0",2488,"press conference","",NA,NA,NA,NA,NA,NA,NA,NA,NA,NA,NA,NA
"909","VIC","16/07/2020","11:00",4750,29,NA,1226000,109,29,"0",2591,"press conference","",NA,NA,NA,NA,NA,NA,NA,NA,NA,NA,NA,NA
"913","VIC","17/07/2020","11:45",5165,32,NA,1250000,122,31,"0",2669,"press conference","",NA,NA,NA,NA,NA,NA,NA,NA,NA,NA,NA,NA
"916","VIC","18/07/2020","11:00",5353,35,NA,1278000,110,25,"0",2709,"media release","",NA,NA,NA,NA,NA,NA,NA,NA,NA,NA,NA,NA
"924","VIC","19/07/2020","",5696,38,NA,1305000,130,28,"",2819,"stats page","",NA,NA,NA,NA,NA,NA,NA,NA,NA,NA,NA,NA
"928","VIC","20/07/2020","14:00",5942,39,NA,1331000,147,31,"",2933,"press conference","",NA,NA,NA,NA,NA,NA,NA,NA,NA,NA,NA,NA
"933","VIC","21/07/2020","11:00",6289,42,NA,1361238,174,36,"",3078,"press conference","",NA,NA,NA,NA,NA,NA,NA,NA,NA,NA,NA,NA
"940","VIC","22/07/2020","11:00",6739,44,NA,1385964,205,40,"0",3184,"press conference","",NA,NA,NA,NA,NA,NA,NA,NA,NA,NA,NA,NA
"947","VIC","23/07/2020","11:05",7125,49,NA,1413100,201,40,"0",3298,"media release","",NA,NA,NA,NA,NA,NA,NA,NA,NA,NA,NA,NA
"955","VIC","24/07/2020","16:00",7405,56,NA,1437200,206,41,"0",3450,"media release","",NA,NA,NA,NA,NA,NA,NA,NA,NA,NA,NA,NA
"957","VIC","25/07/2020","12:45",7744,61,NA,1457546,229,42,"0",3529,"media release","",NA,NA,NA,NA,NA,NA,NA,NA,NA,NA,NA,NA
"960","VIC","26/07/2020","11:25",8181,71,NA,1500500,228,42,"",3680,"press conference","",NA,NA,NA,NA,NA,NA,NA,NA,NA,NA,NA,NA
"965","VIC","27/07/2020","15:30",8696,77,NA,1518000,245,44,"",3817,"media release","",NA,NA,NA,NA,NA,NA,NA,NA,NA,NA,NA,NA
"967","VIC","28/07/2020","11:45",9049,83,NA,1536600,260,45,"",3937,"media release","",NA,NA,NA,NA,NA,NA,NA,NA,NA,NA,NA,NA
"971","VIC","29/07/2020","12:00",9304,92,NA,1554000,307,41,"",4123,"press conference","",NA,NA,NA,NA,NA,NA,NA,NA,NA,NA,NA,NA
"975","VIC","30/07/2020","11:00",9998,105,NA,1574600,312,34,"",4259,"press conference","",NA,NA,NA,NA,NA,NA,NA,NA,NA,NA,NA,NA
"980","VIC","31/07/2020","11:00",10577,113,NA,1608400,349,36,"",4479,"media release","",NA,NA,NA,NA,NA,NA,NA,NA,NA,NA,NA,NA
"987","VIC","01/08/2020","11:30",10931,116,NA,1633900,379,41,"24",4696,"media release","",NA,NA,NA,NA,NA,NA,NA,NA,NA,NA,NA,NA
"994","VIC","02/08/2020","15:06",11557,123,NA,NA,385,38,"0",4915,"media release","",NA,NA,NA,NA,NA,NA,NA,NA,NA,NA,NA,NA
"999","VIC","03/08/2020","15:13",11937,136,NA,1676953,416,35,"",5111,"press conference","",NA,NA,NA,NA,NA,NA,NA,NA,NA,NA,NA,NA
"1002","VIC","04/08/2020","11:15",12335,147,NA,1697953,456,38,"",5283,"press conference","",NA,NA,NA,NA,NA,NA,NA,NA,NA,NA,NA,NA
"1007","VIC","05/08/2020","12:00",13035,162,NA,NA,538,42,"",NA,"press conference","",NA,NA,NA,NA,NA,NA,NA,NA,NA,NA,NA,NA
"1013","VIC","06/08/2020","12:30",13469,170,NA,1746900,575,42,"",5628,"press conference","",NA,NA,NA,NA,NA,NA,NA,NA,NA,NA,NA,NA
"1017","VIC","07/08/2020","12:35",13867,181,NA,1771900,607,41,"",5829,"press conference","",NA,NA,NA,NA,NA,NA,NA,NA,NA,NA,NA,NA
"1021","VIC","08/08/2020","11:15",14283,193,NA,1759900,636,44,"",NA,"press conference","",NA,NA,NA,NA,NA,NA,NA,NA,NA,NA,NA,NA
"1025","VIC","09/08/2020","11:45",14569,210,NA,1801300,634,43,"0",6378,"media release","",NA,NA,NA,NA,NA,NA,NA,NA,NA,NA,NA,NA
"1028","VIC","10/08/2020","09:20",14957,228,NA,1820598,640,48,"",6642,"media release","",NA,NA,NA,NA,NA,NA,NA,NA,NA,NA,NA,NA
"1033","VIC","11/08/2020","08:55",15251,246,NA,1854688,650,47,"24",6889,"media release","",NA,NA,NA,NA,NA,NA,NA,NA,NA,NA,NA,NA
"1037","VIC","12/08/2020","09:00",15646,267,NA,1874615,662,43,"25",7271,"media release","",NA,NA,NA,NA,NA,NA,NA,NA,NA,NA,NA,NA
"1040","VIC","13/08/2020","09:00",15863,275,NA,1895566,664,37,"",7493,"media release","",NA,NA,NA,NA,NA,NA,NA,NA,NA,NA,NA,NA
"1044","VIC","14/08/2020","08:54",16234,289,NA,1914400,659,41,"26",7842,"media release","",NA,NA,NA,NA,NA,NA,NA,NA,NA,NA,NA,NA
"1049","VIC","15/08/2020","08:55",16517,293,NA,NA,NA,NA,"",NA,"DHHS Twitter","",NA,NA,NA,NA,NA,NA,NA,NA,NA,NA,NA,NA
"1054","VIC","16/08/2020","12:00",16764,309,NA,1959300,662,40,"0",8570,"media release","",NA,NA,NA,NA,NA,NA,NA,NA,NA,NA,NA,NA
"1059","VIC","17/08/2020","08:30",17027,334,NA,1975000,657,44,"32",9023,"press conference","",NA,NA,NA,NA,NA,NA,NA,NA,NA,NA,NA,NA
"1062","VIC","18/08/2020","09:00",17238,351,NA,1992725,665,45,"",9413,"media release","",NA,NA,NA,NA,NA,NA,NA,NA,NA,NA,NA,NA
"1065","VIC","19/08/2020","08:54",17446,363,NA,2008630,675,44,"",9729,"media release","",NA,NA,NA,NA,NA,NA,NA,NA,NA,NA,NA,NA
"1069","VIC","20/08/2020","09:30",17683,376,NA,2028909,622,43,"28",12334,"press conference","",NA,NA,NA,NA,NA,NA,NA,NA,NA,NA,NA,NA
"1072","VIC","21/08/2020","09:00",17852,385,NA,2050000,626,40,"25",12940,"media release","",NA,NA,NA,NA,NA,NA,NA,NA,NA,NA,NA,NA
"1075","VIC","22/08/2020","09:31",18034,398,NA,NA,NA,NA,"",NA,"DHHS Twitter","",NA,NA,NA,NA,NA,NA,NA,NA,NA,NA,NA,NA
"1079","VIC","23/08/2020","10:10",18231,415,NA,2091328,585,32,"",13708,"media release","",NA,NA,NA,NA,NA,NA,NA,NA,NA,NA,NA,NA
"1085","VIC","24/08/2020","09:16",18330,430,NA,2106139,629,31,"17",14077,"media release","",NA,NA,NA,NA,NA,NA,NA,NA,NA,NA,NA,NA
"1089","VIC","25/08/2020","08:54",18464,438,NA,2119199,617,35,"",14288,"media release","",NA,NA,NA,NA,NA,NA,NA,NA,NA,NA,NA,NA
"1092","VIC","26/08/2020","09:09",18608,462,NA,2132679,578,39,"16",14572,"media release","",NA,NA,NA,NA,NA,NA,NA,NA,NA,NA,NA,NA
"1096","VIC","27/08/2020","09:00",18714,485,NA,2158149,532,29,"0",14837,"press conference","",NA,NA,NA,NA,NA,NA,NA,NA,NA,NA,NA,NA
"1098","VIC","28/08/2020","10:20",18822,496,NA,2178012,513,29,"0",NA,"media release","",NA,NA,NA,NA,NA,NA,NA,NA,NA,NA,NA,NA
"1103","VIC","29/08/2020","08:29",18903,513,NA,2196126,482,26,"",15324,"DHHS Twitter","",NA,NA,NA,NA,NA,NA,NA,NA,NA,NA,NA,NA
"1106","VIC","30/08/2020","11:00",19015,524,NA,2210447,472,25,"",15580,"media release","",NA,NA,NA,NA,NA,NA,NA,NA,NA,NA,NA,NA
"1109","VIC","31/08/2020","10:30",19080,565,NA,2224887,453,21,"13",15814,"press conference","",NA,NA,NA,NA,NA,NA,NA,NA,NA,NA,NA,NA
"1113","VIC","01/09/2020","09:00",19138,570,NA,2235040,421,20,"",15967,"media release","",NA,NA,NA,NA,NA,NA,NA,NA,NA,NA,NA,NA
"1117","VIC","02/09/2020","08:30",19224,576,NA,2248952,406,18,"",16152,"media release","",NA,NA,NA,NA,NA,NA,NA,NA,NA,NA,NA,NA
"1120","VIC","03/09/2020","11:00",19336,591,NA,2331261,361,20,"15",16370,"media release","",NA,NA,NA,NA,NA,NA,NA,NA,NA,NA,NA,NA
"1123","VIC","04/09/2020","10:00",19415,650,NA,2356292,329,20,"0",NA,"media release","",NA,NA,NA,NA,NA,NA,NA,NA,NA,NA,NA,NA
"1125","VIC","05/09/2020","16:00",19479,661,NA,2372112,298,21,"",16784,"media release","",NA,NA,NA,NA,NA,NA,NA,NA,NA,NA,NA,NA
"1129","VIC","06/09/2020","09:00",19538,666,NA,2390450,283,19,"",16921,"media release","",NA,NA,NA,NA,NA,NA,NA,NA,NA,NA,NA,NA
"1133","VIC","07/09/2020","09:00",19574,675,NA,2403388,266,25,"",17056,"media release","",NA,NA,NA,NA,NA,NA,NA,NA,NA,NA,NA,NA
"1137","VIC","08/09/2020","08:50",19615,683,NA,2412092,238,22,"",17175,"media release","",NA,NA,NA,NA,NA,NA,NA,NA,NA,NA,NA,NA
"1143","VIC","09/09/2020","08:20",19688,694,NA,2428778,196,20,"",17311,"media release","",NA,NA,NA,NA,NA,NA,NA,NA,NA,NA,NA,NA
"1146","VIC","10/09/2020","08:30",19728,701,NA,2443583,169,17,"11",17484,"media release","",NA,NA,NA,NA,NA,NA,NA,NA,NA,NA,NA,NA
"1150","VIC","11/09/2020","10:00",19767,710,NA,2456924,140,12,"",17661,"media release","",NA,NA,NA,NA,NA,NA,NA,NA,NA,NA,NA,NA
"1153","VIC","12/09/2020","12:50",19800,716,NA,2471377,126,9,"0",17771,"media release","",NA,NA,NA,NA,NA,NA,NA,NA,NA,NA,NA,NA
"1156","VIC","13/09/2020","14:30",19835,723,NA,2488773,116,11,"",NA,"media release","",NA,NA,NA,NA,NA,NA,NA,NA,NA,NA,NA,NA
"1158","VIC","14/09/2020","09:00",19872,729,NA,2497710,122,12,"7",18006,"media release","",NA,NA,NA,NA,NA,NA,NA,NA,NA,NA,NA,NA
"1162","VIC","15/09/2020","08:31",19911,NA,NA,2505513,118,11,"",18079,"media release","",NA,NA,NA,NA,NA,NA,NA,NA,NA,NA,NA,NA
"1167","VIC","16/09/2020","14:26",19943,737,NA,2520887,107,11,"",18153,"media release","",NA,NA,NA,NA,NA,NA,NA,NA,NA,NA,NA,NA
"1170","VIC","17/09/2020","09:00",19970,745,NA,2535134,97,12,"",18217,"media release","",NA,NA,NA,NA,NA,NA,NA,NA,NA,NA,NA,NA
"1174","VIC","18/09/2020","10:13",20012,750,NA,2551044,90,11,"",18278,"media release","",NA,NA,NA,NA,NA,NA,NA,NA,NA,NA,NA,NA
"1177","VIC","19/09/2020","14:54",20034,757,NA,2562996,89,8,"0",18379,"media release","",NA,NA,NA,NA,NA,NA,NA,NA,NA,NA,NA,NA
"1179","VIC","20/09/2020","10:00",20042,761,NA,2575457,94,8,"",NA,"media release","",NA,NA,NA,NA,NA,NA,NA,NA,NA,NA,NA,NA
"1182","VIC","21/09/2020","09:00",20051,763,NA,2582621,92,6,"",18597,"media release","",NA,NA,NA,NA,NA,NA,NA,NA,NA,NA,NA,NA
"1187","VIC","22/09/2020","08:59",20076,766,NA,2593744,83,8,"",18628,"Media release","",NA,NA,NA,NA,NA,NA,NA,NA,NA,NA,NA,NA
"1190","VIC","23/09/2020","08:15",20100,771,NA,2609485,75,8,"",18713,"media release","",NA,NA,NA,NA,NA,NA,NA,NA,NA,NA,NA,NA
"1192","VIC","24/09/2020","09:00",20105,773,NA,2622822,67,8,"0",18738,"media release","",NA,NA,NA,NA,NA,NA,NA,NA,NA,NA,NA,NA
"1197","VIC","25/09/2020","09:00",20118,781,NA,2635282,58,8,"0",18794,"media release","",NA,NA,NA,NA,NA,NA,NA,NA,NA,NA,NA,NA
"1200","VIC","26/09/2020","17:11",20129,782,NA,2651309,53,9,"0",18842,"media release","",NA,NA,NA,NA,NA,NA,NA,NA,NA,NA,NA,NA
"1205","VIC","27/09/2020","14:42",20145,784,NA,2661989,51,9,"",18901,"media release","",NA,NA,NA,NA,NA,NA,NA,NA,NA,NA,NA,NA
"1207","VIC","28/09/2020","08:36",20149,787,NA,2668796,49,8,"",18942,"DHHS Twitter","",NA,NA,NA,NA,NA,NA,NA,NA,NA,NA,NA,NA
"1210","VIC","29/09/2020","09:00",20158,794,NA,2677022,46,5,"0",18978,"media release","",NA,NA,NA,NA,NA,NA,NA,NA,NA,NA,NA,NA
"1213","VIC","30/09/2020","08:30",20171,798,NA,NA,NA,NA,"",NA,"media release","",NA,NA,NA,NA,NA,NA,NA,NA,NA,NA,NA,NA
"1216","VIC","01/10/2020","09:00",20183,800,NA,2709668,38,6,"",NA,"media release","",NA,NA,NA,NA,NA,NA,NA,NA,NA,NA,NA,NA
"1219","VIC","02/10/2020","09:00",20191,802,NA,2722218,38,4,"",NA,"media release","",NA,NA,NA,NA,NA,NA,NA,NA,NA,NA,NA,NA
"1221","VIC","03/10/2020","13:00",20197,805,NA,2733499,34,4,"",19091,"media release","",NA,NA,NA,NA,NA,NA,NA,NA,NA,NA,NA,NA
"1224","VIC","04/10/2020","08:50",20209,806,NA,2745493,31,3,"",19102,"DHHS Twitter","",NA,NA,NA,NA,NA,NA,NA,NA,NA,NA,NA,NA
"1227","VIC","05/10/2020","14:26",20220,NA,NA,2754516,30,3,"",19126,"media release","",NA,NA,NA,NA,NA,NA,NA,NA,NA,NA,NA,NA
"1230","VIC","06/10/2020","16:00",20233,807,NA,2763802,21,1,"",19149,"media release","",NA,NA,NA,NA,NA,NA,NA,NA,NA,NA,NA,NA
"1234","VIC","07/10/2020","10:00",20237,809,NA,2780231,16,2,"",19162,"media release","",NA,NA,NA,NA,NA,NA,NA,NA,NA,NA,NA,NA
"1238","VIC","08/10/2020","08:31",20247,NA,NA,2795529,17,1,"",19174,"media release","",NA,NA,NA,NA,NA,NA,NA,NA,NA,NA,NA,NA
"1242","VIC","09/10/2020","15:00",20257,NA,NA,2811114,17,1,"",19192,"media release","",NA,NA,NA,NA,NA,NA,NA,NA,NA,NA,NA,NA
"1245","VIC","10/10/2020","15:00",20269,NA,NA,2827761,21,1,"",19207,"media release","",NA,NA,NA,NA,NA,NA,NA,NA,NA,NA,NA,NA
"1249","VIC","11/10/2020","15:36",20281,810,NA,2840686,21,0,"0",19218,"media release","",NA,NA,NA,NA,NA,NA,NA,NA,NA,NA,NA,NA
"1250","VIC","12/10/2020","08:40",20295,NA,NA,2850794,21,0,"0",19229,"media release","",NA,NA,NA,NA,NA,NA,NA,NA,NA,NA,NA,NA
